disposition,orientation,amenities,cellars,num_bedrooms,num_floors,department_type,m2,price_square_meter,grupo
lateral,otro,0.0,0.0,2.0,0.0,normal,80.0,10495.65,1
lateral,otro,0.0,0.0,3.0,0.0,normal,100.0,17583.2,1
lateral,otro,0.0,0.0,3.0,0.0,normal,157.0,5351.97,1
lateral,otro,0.0,0.0,2.0,0.0,normal,150.0,6133.33,1
lateral,otro,0.0,0.0,3.0,0.0,normal,75.0,12012.01,1
lateral,otro,0.0,0.0,2.0,0.0,normal,83.0,14457.83,1
lateral,otro,0.0,0.0,2.0,0.0,normal,75.0,11201.93,1
lateral,otro,0.0,0.0,3.0,0.0,normal,70.0,12885.71,1
lateral,otro,0.0,0.0,2.0,0.0,normal,70.0,11995.03,1
lateral,otro,0.0,0.0,2.0,0.0,normal,182.0,12912.09,1
lateral,otro,0.0,0.0,2.0,0.0,normal,70.0,11995.03,1
lateral,otro,0.0,0.0,2.0,0.0,normal,150.0,6133.33,1
lateral,otro,0.0,0.0,2.0,0.0,normal,100.0,17590.0,1
lateral,otro,0.0,0.0,3.0,0.0,normal,85.0,18887.06,1
lateral,otro,0.0,0.0,2.0,0.0,normal,80.0,10495.65,1
lateral,otro,0.0,0.0,2.0,0.0,normal,90.0,20000.0,1
lateral,otro,0.0,0.0,2.0,0.0,normal,75.0,13195.6,1
lateral,otro,0.0,0.0,2.0,0.0,normal,117.0,19658.12,1
lateral,otro,0.0,0.0,3.0,0.0,normal,100.0,17506.67,1
lateral,otro,0.0,0.0,2.0,0.0,normal,90.0,12283.0,1
lateral,otro,0.0,0.0,2.0,0.0,normal,68.0,19121.46,1
lateral,otro,0.0,0.0,2.0,0.0,normal,70.0,16452.11,1
lateral,otro,0.0,0.0,2.0,0.0,normal,90.0,12282.99,1
lateral,otro,0.0,0.0,3.0,0.0,normal,65.0,19651.51,1
lateral,otro,0.0,0.0,2.0,0.0,normal,90.0,12282.99,1
lateral,otro,0.0,0.0,3.0,0.0,normal,113.0,8484.86,1
lateral,otro,0.0,0.0,2.0,0.0,normal,90.0,20000.0,1
lateral,otro,0.0,0.0,3.0,0.0,normal,89.0,15669.55,1
lateral,otro,0.0,0.0,3.0,0.0,normal,90.0,9324.89,1
lateral,otro,0.0,0.0,2.0,0.0,normal,90.0,12283.0,1
lateral,otro,0.0,0.0,2.0,0.0,normal,75.0,13195.6,1
lateral,otro,0.0,0.0,3.0,0.0,normal,100.0,17506.67,1
lateral,otro,0.0,0.0,2.0,0.0,normal,68.0,19121.46,1
lateral,otro,0.0,0.0,2.0,0.0,normal,68.0,9326.72,1
lateral,otro,5.0,0.0,3.0,0.0,normal,145.0,13062.07,1
lateral,otro,0.0,0.0,2.0,0.0,normal,90.0,12282.99,1
lateral,otro,0.0,0.0,2.0,0.0,normal,150.0,6133.33,1
lateral,otro,0.0,0.0,3.0,0.0,normal,65.0,19651.51,1
lateral,otro,0.0,0.0,3.0,0.0,normal,65.0,19651.51,1
lateral,otro,0.0,0.0,3.0,0.0,normal,100.0,10200.0,1
lateral,otro,0.0,0.0,2.0,0.0,normal,98.0,19928.57,1
lateral,otro,0.0,0.0,3.0,0.0,normal,95.0,8926.18,1
lateral,otro,0.0,0.0,3.0,0.0,normal,191.0,4712.04,1
lateral,otro,0.0,0.0,2.0,0.0,normal,70.0,10542.86,1
lateral,otro,0.0,0.0,2.0,0.0,normal,135.0,9520.99,1
lateral,otro,0.0,0.0,2.0,0.0,normal,60.0,15000.0,1
lateral,otro,0.0,0.0,4.0,0.0,normal,89.0,15669.55,1
lateral,otro,0.0,0.0,2.0,0.0,normal,70.0,20142.86,1
lateral,otro,0.0,0.0,2.0,0.0,normal,75.0,13195.6,1
lateral,otro,0.0,0.0,2.0,0.0,normal,75.0,13195.6,1
lateral,otro,0.0,0.0,3.0,0.0,normal,90.0,16600.0,1
lateral,Poniente,2.0,0.0,2.0,0.0,Loft,93.0,43010.75,2
lateral,otro,3.0,0.0,2.0,0.0,normal,67.0,47761.19,2
lateral,otro,4.0,0.0,2.0,0.0,normal,84.0,48351.19,2
lateral,otro,0.0,0.0,3.0,0.0,normal,284.0,45422.54,2
lateral,otro,0.0,0.0,2.0,0.0,normal,85.0,47000.0,2
lateral,otro,0.0,0.0,3.0,0.0,normal,193.0,32098.45,2
lateral,otro,0.0,0.0,3.0,0.0,normal,284.0,45422.54,2
lateral,otro,0.0,0.0,3.0,0.0,normal,122.0,47500.0,2
lateral,otro,0.0,0.0,2.0,0.0,normal,145.0,41961.32,2
lateral,otro,0.0,0.0,3.0,0.0,normal,111.0,26509.4,2
lateral,otro,0.0,0.0,2.0,0.0,normal,145.0,41961.32,2
lateral,otro,0.0,0.0,3.0,0.0,normal,96.0,24239.58,2
lateral,otro,5.0,0.0,3.0,0.0,normal,286.0,34930.07,2
lateral,otro,4.0,0.0,2.0,0.0,normal,134.0,45805.45,2
lateral,otro,0.0,1.0,2.0,7.0,normal,95.0,48105.26,2
lateral,otro,3.0,0.0,1.0,0.0,normal,158.0,43670.89,2
lateral,otro,7.0,0.0,3.0,0.0,normal,284.0,44718.31,2
lateral,otro,5.0,0.0,2.0,0.0,normal,161.0,43416.15,2
lateral,otro,5.0,0.0,2.0,0.0,normal,218.0,45848.62,2
lateral,otro,4.0,0.0,2.0,0.0,normal,160.0,43125.0,2
lateral,otro,5.0,0.0,2.0,0.0,normal,220.0,45227.27,2
lateral,otro,5.0,0.0,2.0,0.0,normal,192.0,46875.0,2
lateral,otro,0.0,0.0,3.0,0.0,normal,103.1,43539.63,2
lateral,otro,0.0,1.0,3.0,1.0,normal,84.0,48345.24,2
lateral,otro,5.0,0.0,2.0,0.0,normal,180.0,33888.89,2
lateral,otro,0.0,1.0,2.0,1.0,normal,95.2,48004.2,2
lateral,otro,5.0,0.0,3.0,0.0,normal,87.0,43103.45,2
lateral,otro,2.0,0.0,1.0,0.0,normal,70.0,46428.57,2
lateral,otro,5.0,0.0,2.0,0.0,normal,244.0,36691.05,2
lateral,otro,5.0,0.0,2.0,0.0,normal,228.0,38815.79,2
lateral,otro,4.0,0.0,2.0,0.0,normal,150.0,40745.67,2
lateral,otro,6.0,0.0,3.0,0.0,normal,293.0,37713.31,2
lateral,otro,5.0,0.0,3.0,0.0,normal,105.0,46666.67,2
lateral,otro,0.0,1.0,2.0,1.0,normal,88.0,39772.73,2
lateral,otro,4.0,0.0,2.0,0.0,normal,99.0,41414.14,2
lateral,otro,6.0,0.0,3.0,0.0,normal,140.0,46428.57,2
lateral,otro,4.0,0.0,2.0,0.0,normal,131.0,48553.51,2
lateral,otro,4.0,0.0,2.0,0.0,normal,157.0,40640.25,2
lateral,otro,4.0,0.0,2.0,0.0,normal,183.0,43859.89,2
lateral,otro,0.0,1.0,2.0,1.0,normal,67.0,40149.25,2
lateral,otro,0.0,1.0,2.0,1.0,normal,91.0,44626.43,2
lateral,otro,4.0,0.0,2.0,0.0,normal,115.0,46455.87,2
lateral,otro,5.0,0.0,3.0,0.0,normal,103.0,48480.5,2
lateral,otro,0.0,1.0,2.0,1.0,normal,160.0,43125.0,2
lateral,otro,0.0,1.0,1.0,1.0,normal,158.0,43670.89,2
lateral,otro,5.0,0.0,3.0,0.0,normal,111.0,44594.59,2
lateral,otro,5.0,0.0,3.0,0.0,normal,150.0,39333.33,2
lateral,otro,4.0,0.0,2.0,0.0,normal,98.0,47448.98,2
lateral,otro,5.0,0.0,3.0,0.0,normal,105.0,48745.42,2
lateral,otro,4.0,0.0,2.0,0.0,normal,130.0,36769.23,2
lateral,otro,0.0,0.0,3.0,0.0,normal,80.0,48000.0,2
lateral,otro,5.0,0.0,3.0,0.0,normal,93.0,45053.76,2
lateral,otro,0.0,0.0,3.0,0.0,normal,193.0,32098.45,2
lateral,otro,3.0,0.0,2.0,0.0,normal,88.0,30568.18,2
lateral,otro,0.0,0.0,4.0,0.0,normal,85.5,47774.53,2
lateral,otro,4.0,0.0,2.0,0.0,normal,90.0,47777.78,2
lateral,otro,0.0,0.0,2.0,0.0,normal,82.8,47388.91,2
Frente,Sur,0.0,0.0,2.0,0.0,normal,83.0,46867.47,2
lateral,otro,5.0,0.0,2.0,0.0,normal,180.0,43222.22,2
lateral,otro,5.0,0.0,2.0,0.0,normal,180.0,43222.22,2
lateral,otro,5.0,0.0,2.0,0.0,normal,188.0,47074.47,2
lateral,otro,4.0,0.0,2.0,0.0,normal,88.0,35227.27,2
lateral,otro,0.0,0.0,2.0,0.0,normal,100.0,49000.0,2
lateral,otro,5.0,0.0,2.0,0.0,normal,188.0,47074.47,2
lateral,otro,0.0,0.0,3.0,0.0,normal,85.0,34117.65,2
lateral,otro,5.0,0.0,2.0,0.0,normal,195.0,44615.38,2
lateral,otro,0.0,1.0,2.0,1.0,normal,90.0,42366.01,2
lateral,otro,5.0,0.0,2.0,0.0,normal,195.0,44615.38,2
lateral,otro,4.0,0.0,2.0,0.0,normal,136.0,37867.65,2
lateral,otro,4.0,0.0,3.0,0.0,normal,156.0,37820.51,2
lateral,otro,5.0,0.0,2.0,0.0,normal,198.0,45215.23,2
lateral,otro,0.0,0.0,3.0,0.0,normal,284.0,45422.54,2
lateral,otro,4.0,0.0,2.0,0.0,normal,185.0,37709.99,2
lateral,otro,4.0,0.0,2.0,0.0,normal,68.0,33088.24,2
lateral,otro,0.0,0.0,3.0,0.0,normal,284.0,45422.54,2
lateral,otro,0.0,0.0,3.0,0.0,normal,200.0,34500.0,2
lateral,otro,4.0,0.0,2.0,0.0,normal,185.0,37709.99,2
lateral,otro,5.0,0.0,2.0,0.0,normal,198.0,45215.23,2
lateral,otro,4.0,0.0,2.0,0.0,normal,179.0,37113.34,2
lateral,otro,0.0,0.0,3.0,4.0,normal,98.0,47989.8,2
lateral,otro,0.0,0.0,3.0,4.0,normal,103.0,47990.29,2
lateral,otro,5.0,0.0,3.0,0.0,normal,113.0,42750.78,2
lateral,otro,4.0,0.0,2.0,0.0,normal,204.0,47009.8,2
lateral,otro,5.0,0.0,3.0,0.0,normal,140.0,28571.43,2
lateral,otro,6.0,0.0,3.0,0.0,normal,123.0,43316.33,2
lateral,otro,0.0,1.0,2.0,5.0,normal,194.0,48195.88,2
lateral,otro,0.0,0.0,2.0,0.0,normal,194.0,48195.88,2
Frente,otro,0.0,0.0,3.0,4.0,normal,103.0,47990.29,2
lateral,otro,0.0,1.0,3.0,5.0,normal,204.0,47009.8,2
lateral,otro,4.0,0.0,2.0,0.0,normal,95.0,42800.0,2
lateral,otro,4.0,0.0,2.0,0.0,normal,152.0,44967.11,2
lateral,otro,5.0,0.0,3.0,0.0,normal,112.0,42369.54,2
lateral,otro,4.0,0.0,2.0,0.0,normal,132.0,47196.97,2
lateral,otro,5.0,0.0,3.0,0.0,normal,222.0,46979.17,2
lateral,otro,0.0,0.0,3.0,0.0,normal,137.0,24087.59,2
lateral,otro,0.0,0.0,2.0,0.0,normal,90.0,31555.56,2
lateral,otro,0.0,0.0,2.0,0.0,normal,140.0,40380.62,2
lateral,otro,0.0,0.0,2.0,0.0,normal,90.0,31555.56,2
lateral,otro,7.0,0.0,3.0,0.0,normal,196.0,29081.63,2
lateral,otro,0.0,0.0,2.0,0.0,normal,56.0,48214.29,2
lateral,otro,4.0,0.0,2.0,0.0,normal,101.0,35148.51,2
lateral,otro,5.0,0.0,3.0,0.0,normal,98.0,45465.05,2
lateral,otro,0.0,0.0,3.0,0.0,normal,213.0,38732.39,2
lateral,otro,5.0,0.0,3.0,0.0,normal,97.0,47671.65,2
lateral,otro,4.0,0.0,2.0,0.0,normal,96.0,43306.67,2
lateral,otro,5.0,0.0,3.0,0.0,normal,101.0,45032.67,2
lateral,otro,5.0,0.0,3.0,0.0,normal,101.0,45032.71,2
lateral,otro,5.0,0.0,3.0,0.0,normal,101.0,45230.69,2
lateral,otro,4.0,0.0,2.0,0.0,normal,91.0,44631.87,2
lateral,otro,5.0,0.0,3.0,0.0,normal,98.0,45056.89,2
lateral,otro,4.0,0.0,2.0,0.0,normal,185.0,37709.99,2
lateral,otro,0.0,0.0,3.0,0.0,normal,85.0,37117.65,2
lateral,otro,0.0,0.0,2.0,0.0,normal,65.0,32615.38,2
lateral,otro,0.0,0.0,2.0,0.0,normal,194.0,48195.88,2
lateral,otro,0.0,0.0,3.0,0.0,normal,286.0,34930.07,2
lateral,otro,2.0,0.0,2.0,0.0,normal,118.0,42453.23,2
lateral,otro,4.0,0.0,2.0,0.0,normal,179.0,37113.34,2
lateral,otro,2.0,0.0,2.0,0.0,normal,112.0,42369.54,2
lateral,otro,0.0,0.0,2.0,0.0,normal,70.0,30737.83,2
lateral,otro,5.0,0.0,3.0,0.0,normal,86.0,37790.7,2
lateral,otro,7.0,0.0,3.0,0.0,normal,196.0,28571.43,2
lateral,otro,7.0,0.0,3.0,0.0,normal,196.0,28061.22,2
lateral,otro,0.0,0.0,3.0,0.0,normal,105.0,48745.42,2
lateral,otro,0.0,0.0,3.0,0.0,normal,105.0,43504.56,2
lateral,otro,0.0,0.0,3.0,0.0,normal,100.0,27506.67,2
lateral,otro,0.0,1.0,2.0,3.0,normal,185.0,38756.76,2
lateral,otro,0.0,0.0,2.0,0.0,normal,164.0,39731.71,2
lateral,otro,0.0,0.0,2.0,0.0,normal,140.0,45607.14,2
lateral,otro,0.0,0.0,2.0,0.0,normal,84.0,49000.0,2
lateral,otro,0.0,0.0,2.0,0.0,normal,88.0,48136.36,2
Contrafrente,otro,3.0,0.0,2.0,1.0,normal,127.0,70866.14,3
lateral,otro,2.0,0.0,1.0,0.0,normal,54.0,78962.96,3
lateral,otro,0.0,2.0,3.0,3.0,normal,163.0,49653.37,3
lateral,otro,4.0,0.0,2.0,0.0,normal,103.0,65366.02,3
Contrafrente,otro,3.0,0.0,2.0,1.0,normal,127.0,70866.14,3
lateral,otro,0.0,0.0,2.0,0.0,normal,112.0,49553.57,3
lateral,otro,3.0,0.0,3.0,0.0,Loft,154.0,68781.56,3
lateral,otro,4.0,0.0,2.0,0.0,normal,100.0,53000.0,3
lateral,otro,5.0,0.0,3.0,0.0,normal,163.0,62576.69,3
lateral,otro,5.0,0.0,3.0,0.0,normal,180.0,61388.89,3
lateral,otro,5.0,0.0,3.0,0.0,normal,157.0,62929.94,3
lateral,otro,5.0,0.0,3.0,0.0,normal,111.0,63153.15,3
lateral,otro,5.0,0.0,3.0,0.0,normal,112.0,60625.0,3
lateral,otro,5.0,0.0,3.0,0.0,normal,149.0,64899.33,3
lateral,otro,5.0,0.0,3.0,0.0,normal,114.0,64324.32,3
lateral,otro,4.0,0.0,2.0,0.0,normal,145.0,67993.9,3
lateral,otro,2.0,0.0,1.0,0.0,normal,54.0,83611.11,3
lateral,otro,2.0,0.0,1.0,0.0,normal,56.0,80285.71,3
lateral,otro,2.0,0.0,1.0,0.0,normal,63.0,83452.38,3
lateral,otro,4.0,0.0,2.0,0.0,normal,89.0,60674.15,3
lateral,otro,3.0,0.0,2.0,0.0,normal,67.0,64394.7,3
lateral,otro,4.0,0.0,2.0,0.0,normal,74.0,67514.86,3
lateral,otro,0.0,0.0,2.0,0.0,normal,91.0,53296.7,3
lateral,otro,0.0,0.0,1.0,0.0,normal,60.0,56583.33,3
lateral,otro,0.0,0.0,3.0,0.0,normal,86.0,52267.44,3
lateral,otro,0.0,0.0,2.0,0.0,normal,81.0,65333.33,3
lateral,otro,0.0,0.0,2.0,0.0,normal,176.0,53977.27,3
lateral,otro,0.0,0.0,2.0,0.0,normal,126.0,69047.62,3
lateral,otro,0.0,0.0,3.0,0.0,normal,86.0,52267.44,3
lateral,otro,6.0,0.0,3.0,0.0,normal,152.0,55921.05,3
lateral,otro,4.0,0.0,2.0,0.0,normal,97.0,62298.56,3
lateral,otro,0.0,0.0,2.0,0.0,normal,111.0,50000.0,3
lateral,otro,0.0,0.0,2.0,0.0,normal,104.0,51442.31,3
lateral,otro,0.0,0.0,3.0,0.0,normal,86.0,52267.44,3
lateral,otro,0.0,0.0,3.0,0.0,normal,86.0,52267.44,3
lateral,otro,0.0,0.0,3.0,0.0,normal,86.0,52267.44,3
lateral,otro,0.0,0.0,1.0,0.0,normal,60.0,59916.67,3
lateral,otro,0.0,0.0,1.0,0.0,normal,60.0,56583.33,3
lateral,otro,0.0,0.0,1.0,0.0,normal,57.0,66315.79,3
lateral,otro,0.0,0.0,2.0,0.0,normal,111.0,50000.0,3
lateral,otro,4.0,0.0,2.0,0.0,normal,78.0,57692.31,3
lateral,otro,0.0,0.0,2.0,0.0,normal,81.0,66580.25,3
lateral,otro,0.0,0.0,3.0,0.0,normal,90.0,49944.44,3
lateral,otro,0.0,0.0,2.0,0.0,normal,107.0,65794.39,3
lateral,otro,0.0,0.0,2.0,0.0,normal,71.0,62746.48,3
lateral,otro,0.0,0.0,2.0,0.0,normal,107.0,65794.39,3
lateral,otro,0.0,0.0,2.0,0.0,normal,163.0,60956.94,3
lateral,otro,4.0,0.0,2.0,0.0,normal,78.0,53675.21,3
lateral,otro,0.0,0.0,1.0,0.0,normal,67.0,63432.84,3
lateral,otro,0.0,0.0,1.0,0.0,normal,60.0,59916.67,3
lateral,otro,0.0,0.0,1.0,0.0,normal,60.0,56583.33,3
lateral,otro,0.0,0.0,2.0,0.0,normal,110.0,72385.45,3
lateral,otro,0.0,0.0,3.0,0.0,normal,90.0,49944.44,3
lateral,otro,0.0,0.0,1.0,0.0,normal,57.0,69298.25,3
lateral,otro,0.0,0.0,2.0,0.0,normal,61.0,72622.95,3
lateral,otro,0.0,0.0,2.0,0.0,normal,86.0,57133.72,3
lateral,otro,0.0,0.0,2.0,0.0,normal,122.0,68852.46,3
lateral,otro,0.0,0.0,2.0,0.0,normal,122.0,68852.46,3
lateral,otro,0.0,0.0,1.0,0.0,normal,61.0,72622.95,3
lateral,otro,0.0,0.0,2.0,0.0,normal,71.0,62746.48,3
lateral,otro,0.0,0.0,3.0,0.0,normal,111.0,57891.89,3
lateral,otro,0.0,0.0,2.0,0.0,normal,91.0,56538.46,3
lateral,otro,0.0,0.0,1.0,0.0,normal,57.0,65789.47,3
lateral,otro,0.0,0.0,1.0,0.0,normal,67.0,63850.75,3
lateral,otro,0.0,0.0,2.0,0.0,normal,71.0,61830.99,3
lateral,otro,0.0,0.0,1.0,0.0,normal,74.0,64594.59,3
lateral,otro,0.0,0.0,2.0,0.0,normal,120.0,62916.67,3
lateral,otro,0.0,0.0,2.0,0.0,normal,78.0,61883.33,3
lateral,otro,0.0,0.0,2.0,0.0,normal,78.0,61883.33,3
lateral,otro,0.0,0.0,2.0,0.0,normal,74.0,57159.82,3
lateral,otro,0.0,0.0,2.0,0.0,normal,78.0,57484.62,3
lateral,otro,0.0,0.0,1.0,0.0,normal,67.0,63432.84,3
lateral,otro,0.0,0.0,1.0,0.0,normal,69.0,62826.09,3
lateral,otro,0.0,0.0,1.0,0.0,normal,57.0,65350.88,3
lateral,otro,0.0,0.0,2.0,0.0,normal,65.0,66615.38,3
lateral,otro,0.0,0.0,2.0,0.0,normal,91.0,56538.46,3
lateral,otro,0.0,0.0,2.0,0.0,normal,173.0,52900.81,3
lateral,otro,0.0,0.0,1.0,4.0,normal,63.0,70700.32,3
lateral,otro,4.0,0.0,2.0,0.0,normal,132.0,51916.67,3
lateral,otro,0.0,0.0,2.0,0.0,normal,78.0,52564.1,3
lateral,otro,3.0,0.0,2.0,0.0,normal,59.0,72711.86,3
lateral,otro,4.0,0.0,2.0,0.0,normal,64.0,67375.0,3
lateral,otro,4.0,0.0,2.0,0.0,normal,126.0,52380.95,3
lateral,otro,4.0,0.0,2.0,0.0,normal,63.0,66698.41,3
lateral,otro,3.0,0.0,2.0,0.0,normal,76.0,60934.21,3
lateral,otro,2.0,0.0,1.0,0.0,normal,51.0,75294.12,3
lateral,otro,4.0,0.0,2.0,0.0,normal,62.0,69016.13,3
lateral,otro,7.0,0.0,3.0,0.0,normal,157.0,59878.98,3
lateral,otro,0.0,0.0,2.0,0.0,normal,78.0,52564.1,3
lateral,otro,0.0,0.0,1.0,0.0,normal,57.0,63859.65,3
lateral,otro,0.0,0.0,2.0,0.0,normal,74.0,57159.82,3
lateral,otro,0.0,0.0,2.0,0.0,normal,82.0,61054.56,3
lateral,otro,4.0,0.0,2.0,0.0,normal,141.0,69922.8,3
lateral,otro,0.0,0.0,2.0,0.0,normal,74.0,57159.82,3
lateral,otro,4.0,0.0,2.0,0.0,normal,67.0,61194.03,3
lateral,otro,0.0,0.0,2.0,0.0,normal,91.0,56538.46,3
lateral,otro,0.0,0.0,2.0,0.0,normal,91.0,65384.62,3
lateral,otro,0.0,0.0,2.0,0.0,normal,167.0,49401.2,3
lateral,otro,0.0,0.0,3.0,0.0,normal,162.0,63268.33,3
lateral,otro,4.0,0.0,2.0,0.0,normal,140.0,49928.57,3
lateral,otro,4.0,0.0,2.0,0.0,normal,70.0,71385.71,3
lateral,otro,0.0,0.0,2.0,0.0,normal,144.0,59611.11,3
lateral,otro,0.0,0.0,2.0,0.0,normal,90.0,66111.11,3
lateral,otro,4.0,0.0,2.0,0.0,normal,77.0,61649.79,3
lateral,otro,5.0,0.0,3.0,0.0,normal,111.0,62246.96,3
lateral,otro,5.0,0.0,3.0,0.0,normal,160.0,53125.0,3
lateral,otro,5.0,0.0,3.0,0.0,normal,150.0,53333.33,3
lateral,otro,5.0,0.0,3.0,0.0,normal,160.0,53125.0,3
lateral,otro,5.0,0.0,3.0,0.0,normal,150.0,53333.33,3
lateral,otro,4.0,0.0,2.0,0.0,normal,85.0,55235.29,3
lateral,otro,4.0,0.0,2.0,0.0,normal,94.0,66898.4,3
lateral,otro,6.0,0.0,3.0,0.0,normal,122.0,57704.92,3
lateral,otro,4.0,0.0,2.0,0.0,normal,73.0,62013.7,3
lateral,otro,4.0,0.0,2.0,0.0,normal,77.0,62688.31,3
lateral,otro,3.0,0.0,2.0,0.0,normal,76.0,58552.63,3
lateral,otro,0.0,0.0,3.0,0.0,normal,193.0,73308.41,3
lateral,otro,5.0,0.0,3.0,0.0,normal,111.0,64324.32,3
lateral,otro,8.0,0.0,3.0,0.0,normal,172.0,63372.09,3
lateral,otro,5.0,0.0,2.0,0.0,normal,140.0,60000.0,3
lateral,otro,5.0,0.0,3.0,0.0,normal,113.0,53097.35,3
lateral,otro,4.0,0.0,2.0,0.0,normal,77.0,71428.57,3
lateral,otro,5.0,0.0,2.0,0.0,normal,190.0,59564.21,3
lateral,otro,6.0,0.0,3.0,0.0,normal,151.0,50122.52,3
lateral,otro,4.0,0.0,2.0,0.0,normal,107.0,58411.21,3
lateral,otro,5.0,0.0,3.0,0.0,normal,113.0,60973.45,3
lateral,otro,5.0,0.0,3.0,0.0,normal,84.0,49488.1,3
lateral,otro,5.0,0.0,3.0,0.0,normal,201.0,58059.7,3
lateral,otro,0.0,0.0,2.0,4.0,normal,121.0,57809.92,3
lateral,otro,5.0,0.0,2.0,0.0,normal,146.0,60273.97,3
lateral,otro,4.0,0.0,2.0,0.0,normal,78.0,65303.33,3
lateral,otro,4.0,0.0,2.0,0.0,normal,114.0,59968.39,3
lateral,otro,4.0,0.0,2.0,0.0,normal,78.0,65041.79,3
lateral,otro,4.0,0.0,2.0,0.0,normal,75.0,65808.89,3
lateral,otro,5.0,0.0,2.0,0.0,normal,127.0,69685.04,3
lateral,otro,4.0,0.0,2.0,0.0,normal,107.0,60765.54,3
lateral,otro,4.0,0.0,2.0,0.0,normal,67.0,64661.99,3
lateral,otro,4.0,0.0,2.0,0.0,normal,67.0,64966.46,3
lateral,otro,4.0,0.0,2.0,0.0,normal,75.0,65264.89,3
lateral,otro,4.0,0.0,2.0,0.0,normal,77.0,59972.29,3
lateral,otro,4.0,0.0,2.0,0.0,normal,65.0,65725.18,3
lateral,otro,4.0,0.0,2.0,0.0,normal,67.0,65575.42,3
lateral,otro,4.0,0.0,2.0,0.0,normal,65.0,65411.34,3
lateral,otro,4.0,0.0,2.0,0.0,normal,75.0,65536.89,3
lateral,otro,2.0,0.0,1.0,0.0,normal,53.0,84797.06,3
lateral,otro,6.0,0.0,3.0,0.0,normal,152.0,55921.05,3
lateral,otro,0.0,1.0,1.0,5.0,normal,53.02,84727.35,3
lateral,otro,6.0,0.0,3.0,0.0,normal,129.0,87200.2,3
lateral,otro,5.0,0.0,2.0,0.0,normal,141.0,54264.28,3
lateral,otro,0.0,1.0,2.0,9.0,normal,85.0,58764.71,3
lateral,otro,4.0,0.0,2.0,0.0,normal,104.0,54807.69,3
lateral,otro,4.0,0.0,2.0,0.0,normal,102.0,73174.25,3
lateral,otro,4.0,0.0,2.0,0.0,normal,107.0,79643.55,3
lateral,otro,2.0,0.0,1.0,0.0,normal,116.0,58577.59,3
lateral,otro,0.0,0.0,2.0,0.0,normal,74.0,60021.22,3
lateral,otro,0.0,0.0,2.0,0.0,normal,89.0,82014.04,3
lateral,otro,0.0,0.0,2.0,0.0,normal,120.24,62791.08,3
lateral,otro,4.0,0.0,2.0,0.0,normal,102.0,78693.28,3
lateral,otro,0.0,0.0,2.0,0.0,normal,74.0,59717.57,3
lateral,otro,0.0,0.0,3.0,0.0,normal,129.0,83976.74,3
lateral,otro,5.0,0.0,3.0,0.0,normal,149.0,64899.33,3
lateral,otro,5.0,0.0,3.0,0.0,normal,112.0,60625.0,3
lateral,otro,4.0,0.0,2.0,0.0,normal,90.0,63333.33,3
lateral,otro,5.0,0.0,2.0,0.0,normal,134.0,57851.81,3
lateral,otro,5.0,0.0,2.0,0.0,normal,126.0,56561.01,3
lateral,otro,5.0,0.0,2.0,0.0,normal,130.0,57303.87,3
lateral,otro,5.0,0.0,2.0,0.0,normal,136.0,54033.99,3
lateral,otro,0.0,0.0,2.0,0.0,normal,88.0,82758.18,3
lateral,otro,0.0,0.0,2.0,0.0,normal,76.0,65695.39,3
lateral,otro,0.0,0.0,2.0,0.0,normal,86.0,69263.37,3
lateral,otro,0.0,1.0,3.0,1.0,normal,128.0,54359.38,3
lateral,otro,0.0,0.0,1.0,0.0,normal,57.0,76800.0,3
lateral,otro,0.0,0.0,2.0,0.0,normal,93.0,64840.32,3
lateral,otro,0.0,0.0,2.0,0.0,normal,92.0,64398.37,3
lateral,otro,0.0,0.0,2.0,0.0,normal,93.0,63839.25,3
lateral,otro,0.0,0.0,2.0,0.0,normal,93.0,72766.13,3
lateral,otro,0.0,0.0,2.0,0.0,normal,78.0,59687.73,3
lateral,otro,0.0,0.0,2.0,0.0,normal,76.0,64688.16,3
lateral,otro,0.0,0.0,2.0,0.0,normal,76.0,75064.14,3
lateral,otro,0.0,0.0,2.0,0.0,normal,93.0,62838.17,3
lateral,otro,0.0,0.0,2.0,0.0,normal,93.0,61837.1,3
lateral,otro,0.0,0.0,2.0,0.0,normal,92.0,65408.15,3
lateral,otro,0.0,0.0,2.0,0.0,normal,92.0,63388.59,3
lateral,otro,0.0,0.0,2.0,0.0,normal,92.0,73345.11,3
lateral,otro,0.0,0.0,2.0,0.0,normal,89.0,77699.1,3
lateral,otro,0.0,0.0,2.0,0.0,normal,89.0,85107.64,3
lateral,otro,0.0,0.0,2.0,0.0,normal,84.0,82966.67,3
lateral,otro,0.0,0.0,2.0,0.0,normal,78.0,59134.13,3
lateral,otro,0.0,0.0,2.0,0.0,normal,78.0,59385.77,3
lateral,otro,0.0,0.0,2.0,0.0,normal,78.0,58882.5,3
lateral,otro,0.0,0.0,2.0,0.0,normal,78.0,64634.1,3
lateral,otro,0.0,0.0,2.0,0.0,normal,78.0,60392.31,3
lateral,otro,0.0,0.0,2.0,0.0,normal,76.0,68717.11,3
lateral,otro,0.0,0.0,2.0,0.0,normal,76.0,66702.63,3
lateral,otro,0.0,0.0,2.0,0.0,normal,78.0,68268.72,3
lateral,otro,0.0,0.0,2.0,0.0,normal,76.0,65592.76,3
lateral,otro,0.0,0.0,2.0,0.0,normal,76.0,64585.53,3
lateral,otro,0.0,0.0,2.0,0.0,normal,76.0,61842.82,3
lateral,otro,0.0,0.0,2.0,0.0,normal,76.0,63578.29,3
lateral,otro,0.0,0.0,2.0,0.0,normal,76.0,62571.05,3
lateral,otro,0.0,0.0,2.0,0.0,normal,103.0,87625.05,3
lateral,otro,0.0,0.0,2.0,0.0,normal,76.0,63680.92,3
lateral,otro,0.0,0.0,2.0,0.0,normal,103.0,87212.33,3
lateral,otro,0.0,0.0,2.0,0.0,normal,86.0,73296.51,3
lateral,otro,0.0,0.0,2.0,0.0,normal,86.0,72287.21,3
lateral,otro,0.0,0.0,2.0,0.0,normal,86.0,72539.53,3
lateral,otro,0.0,0.0,2.0,0.0,normal,86.0,71782.56,3
lateral,otro,4.0,0.0,2.0,0.0,normal,83.0,55943.98,3
lateral,otro,6.0,0.0,3.0,0.0,normal,142.0,49577.46,3
lateral,otro,4.0,0.0,2.0,0.0,normal,74.0,60021.22,3
lateral,otro,4.0,0.0,2.0,0.0,normal,97.0,59295.67,3
lateral,otro,4.0,0.0,2.0,0.0,normal,81.0,57734.81,3
lateral,otro,0.0,0.0,2.0,2.0,normal,96.5,53367.88,3
lateral,otro,5.0,0.0,3.0,0.0,normal,159.0,63081.76,3
lateral,otro,0.0,0.0,3.0,0.0,normal,164.0,84564.63,3
lateral,otro,0.0,0.0,2.0,0.0,normal,77.0,70954.55,3
lateral,otro,0.0,0.0,2.0,0.0,normal,107.0,89635.51,3
lateral,otro,4.0,0.0,2.0,0.0,normal,160.0,66250.0,3
lateral,otro,4.0,0.0,2.0,0.0,normal,92.0,65619.57,3
lateral,otro,4.0,0.0,2.0,0.0,normal,114.0,75000.0,3
lateral,otro,4.0,0.0,2.0,0.0,normal,81.0,57734.81,3
lateral,otro,4.0,0.0,2.0,0.0,normal,81.0,59624.94,3
lateral,otro,4.0,0.0,2.0,0.0,normal,74.0,59717.57,3
lateral,otro,4.0,0.0,2.0,0.0,normal,74.0,59717.57,3
lateral,otro,4.0,0.0,2.0,0.0,normal,81.0,63405.19,3
lateral,otro,4.0,0.0,2.0,0.0,normal,97.0,61851.13,3
lateral,otro,4.0,0.0,2.0,0.0,normal,81.0,58679.88,3
lateral,otro,4.0,0.0,2.0,0.0,normal,83.0,62921.69,3
lateral,otro,4.0,0.0,2.0,0.0,normal,83.0,59633.13,3
lateral,otro,4.0,0.0,2.0,0.0,normal,93.0,54459.03,3
lateral,otro,4.0,0.0,2.0,0.0,normal,97.0,62298.56,3
lateral,otro,5.0,0.0,3.0,0.0,normal,161.0,65838.51,3
lateral,otro,4.0,0.0,2.0,0.0,normal,119.0,52860.92,3
lateral,otro,4.0,0.0,2.0,0.0,normal,97.0,60381.24,3
lateral,otro,4.0,0.0,2.0,0.0,normal,97.0,64220.41,3
lateral,otro,4.0,0.0,2.0,0.0,normal,97.0,62298.56,3
lateral,otro,4.0,0.0,2.0,0.0,normal,81.0,59624.94,3
lateral,otro,4.0,0.0,2.0,0.0,normal,78.0,59385.77,3
lateral,otro,4.0,0.0,2.0,0.0,normal,78.0,59134.13,3
lateral,otro,4.0,0.0,2.0,0.0,normal,93.0,62860.0,3
lateral,otro,4.0,0.0,2.0,0.0,normal,78.0,60392.31,3
lateral,otro,4.0,0.0,2.0,0.0,normal,97.0,63193.4,3
lateral,otro,4.0,0.0,2.0,0.0,normal,97.0,61851.13,3
lateral,otro,4.0,0.0,2.0,0.0,normal,78.0,59687.73,3
lateral,otro,4.0,0.0,2.0,0.0,normal,120.0,52554.58,3
lateral,otro,4.0,0.0,2.0,0.0,normal,97.0,62522.27,3
lateral,otro,4.0,0.0,2.0,0.0,normal,97.0,63193.4,3
lateral,otro,4.0,0.0,2.0,0.0,normal,97.0,59421.44,3
lateral,otro,4.0,0.0,2.0,0.0,normal,83.0,56866.27,3
lateral,otro,4.0,0.0,2.0,0.0,normal,97.0,60253.4,3
lateral,otro,4.0,0.0,2.0,0.0,normal,97.0,59295.67,3
lateral,otro,4.0,0.0,2.0,0.0,normal,114.0,70175.44,3
lateral,otro,5.0,0.0,2.0,0.0,normal,176.0,53977.27,3
lateral,otro,4.0,0.0,2.0,0.0,normal,81.0,59624.94,3
lateral,otro,4.0,0.0,2.0,0.0,normal,85.0,57869.29,3
lateral,otro,4.0,0.0,2.0,0.0,normal,81.0,58679.88,3
lateral,otro,4.0,0.0,2.0,0.0,normal,83.0,57788.55,3
lateral,otro,4.0,0.0,2.0,0.0,normal,81.0,58679.88,3
lateral,otro,4.0,0.0,2.0,0.0,normal,81.0,57734.81,3
lateral,otro,4.0,0.0,2.0,0.0,normal,81.0,59624.94,3
lateral,otro,4.0,0.0,2.0,0.0,normal,97.0,64084.33,3
lateral,otro,4.0,0.0,2.0,0.0,normal,78.0,59687.73,3
lateral,otro,4.0,0.0,2.0,0.0,normal,81.0,63405.19,3
lateral,otro,4.0,0.0,2.0,0.0,normal,81.0,60570.0,3
lateral,otro,4.0,0.0,2.0,0.0,normal,93.0,62860.0,3
lateral,otro,0.0,0.0,2.0,0.0,normal,151.0,65292.15,3
lateral,otro,3.0,0.0,1.0,0.0,normal,62.0,67838.71,3
lateral,otro,2.0,0.0,1.0,0.0,normal,60.0,77051.43,3
lateral,otro,4.0,0.0,2.0,0.0,normal,91.0,73076.92,3
lateral,otro,4.0,0.0,2.0,0.0,normal,97.0,58461.65,3
lateral,otro,6.0,0.0,3.0,0.0,normal,145.0,62625.24,3
lateral,otro,4.0,0.0,2.0,0.0,normal,92.0,68478.26,3
lateral,otro,0.0,0.0,2.0,0.0,normal,120.0,65694.06,3
lateral,otro,4.0,0.0,2.0,0.0,normal,105.0,50952.38,3
lateral,otro,6.0,0.0,3.0,0.0,normal,162.0,49959.88,3
lateral,otro,0.0,0.0,2.0,0.0,normal,106.0,84458.63,3
lateral,otro,4.0,0.0,2.0,0.0,normal,120.0,63750.0,3
lateral,otro,0.0,0.0,2.0,0.0,normal,120.55,58316.05,3
lateral,otro,4.0,0.0,2.0,0.0,normal,86.0,54651.16,3
lateral,otro,0.0,0.0,2.0,0.0,normal,120.0,63760.52,3
lateral,otro,4.0,0.0,2.0,0.0,normal,111.0,59283.0,3
lateral,otro,2.0,0.0,1.0,0.0,normal,54.0,72444.44,3
lateral,otro,5.0,0.0,3.0,0.0,normal,111.0,61171.17,3
lateral,otro,5.0,0.0,3.0,0.0,normal,112.0,61517.86,3
lateral,otro,0.0,1.0,2.0,6.0,normal,86.8,67350.0,3
lateral,otro,3.0,0.0,1.0,0.0,normal,154.0,50000.0,3
lateral,otro,7.0,0.0,3.0,0.0,normal,193.0,52072.54,3
lateral,otro,4.0,0.0,2.0,0.0,normal,161.0,59316.77,3
lateral,otro,6.0,0.0,3.0,0.0,normal,150.0,58043.75,3
lateral,otro,3.0,0.0,2.0,0.0,normal,64.0,67816.25,3
lateral,otro,4.0,0.0,2.0,0.0,normal,82.0,59146.34,3
lateral,otro,0.0,0.0,2.0,0.0,normal,166.0,69277.11,3
lateral,otro,2.0,0.0,1.0,0.0,normal,65.0,85692.31,3
lateral,otro,6.0,0.0,3.0,0.0,normal,121.0,71900.83,3
lateral,otro,5.0,0.0,3.0,0.0,normal,194.0,57216.49,3
lateral,otro,4.0,0.0,2.0,0.0,normal,89.0,53033.71,3
lateral,otro,4.0,0.0,2.0,0.0,normal,107.0,79643.55,3
lateral,otro,5.0,0.0,3.0,0.0,normal,149.0,64899.33,3
lateral,otro,0.0,1.0,3.0,4.0,normal,112.0,50000.0,3
lateral,otro,0.0,0.0,3.0,0.0,normal,144.0,70380.62,3
lateral,otro,0.0,0.0,2.0,0.0,normal,70.0,65409.64,3
lateral,otro,4.0,0.0,2.0,0.0,normal,86.0,57952.07,3
lateral,otro,7.0,0.0,3.0,0.0,normal,164.0,50181.52,3
lateral,otro,2.0,0.0,1.0,0.0,normal,80.0,71250.0,3
lateral,otro,4.0,0.0,2.0,0.0,normal,142.0,50386.25,3
lateral,otro,4.0,0.0,2.0,0.0,normal,87.0,59063.72,3
lateral,otro,5.0,0.0,3.0,0.0,normal,111.0,61171.17,3
lateral,otro,5.0,0.0,3.0,0.0,normal,98.0,59088.41,3
lateral,otro,4.0,0.0,2.0,0.0,normal,87.0,59656.74,3
lateral,otro,4.0,0.0,2.0,0.0,normal,165.0,49057.36,3
lateral,otro,5.0,0.0,3.0,0.0,normal,149.0,64899.33,3
lateral,otro,5.0,0.0,2.0,0.0,normal,99.0,77683.23,3
lateral,otro,4.0,0.0,2.0,0.0,normal,86.0,60652.31,3
lateral,otro,4.0,0.0,2.0,0.0,normal,98.0,58787.08,3
lateral,otro,4.0,0.0,2.0,0.0,normal,146.0,49992.47,3
lateral,otro,4.0,0.0,2.0,0.0,normal,98.0,59962.83,3
lateral,otro,4.0,0.0,2.0,0.0,normal,84.0,60632.99,3
lateral,otro,4.0,0.0,2.0,0.0,normal,98.0,58199.21,3
lateral,otro,5.0,0.0,3.0,0.0,normal,98.0,58499.89,3
lateral,otro,6.0,0.0,3.0,0.0,normal,150.0,69333.33,3
lateral,otro,0.0,0.0,3.0,0.0,normal,150.0,70329.0,3
lateral,otro,0.0,1.0,2.0,1.0,normal,140.0,55714.29,3
lateral,otro,0.0,0.0,2.0,0.0,normal,141.0,69922.8,3
lateral,otro,4.0,0.0,2.0,0.0,normal,122.0,62468.89,3
lateral,otro,5.0,0.0,3.0,0.0,normal,98.0,57911.36,3
lateral,otro,0.0,1.0,2.0,1.0,normal,77.0,70129.87,3
lateral,otro,0.0,0.0,2.0,4.0,normal,128.0,66577.03,3
lateral,otro,5.0,0.0,3.0,0.0,normal,95.0,55788.58,3
lateral,otro,4.0,0.0,2.0,0.0,normal,98.0,55619.28,3
lateral,otro,4.0,0.0,2.0,0.0,normal,98.0,55847.72,3
lateral,otro,4.0,0.0,2.0,0.0,normal,81.0,67941.73,3
lateral,otro,5.0,0.0,2.0,0.0,normal,129.0,62015.5,3
lateral,otro,0.0,0.0,3.0,0.0,normal,111.0,64324.32,3
lateral,otro,4.0,0.0,2.0,0.0,normal,117.0,78632.48,3
lateral,otro,4.0,0.0,2.0,0.0,normal,87.0,57551.17,3
lateral,otro,4.0,0.0,2.0,0.0,normal,84.0,57100.98,3
lateral,otro,4.0,0.0,2.0,0.0,normal,98.0,57611.34,3
lateral,otro,4.0,0.0,2.0,0.0,normal,84.0,59455.65,3
lateral,otro,5.0,0.0,3.0,0.0,normal,84.0,66190.01,3
lateral,otro,4.0,0.0,2.0,0.0,normal,87.0,56365.16,3
lateral,otro,0.0,0.0,2.0,0.0,normal,163.0,60956.94,3
lateral,otro,2.0,0.0,1.0,0.0,normal,51.0,62745.1,3
lateral,otro,3.0,0.0,2.0,0.0,normal,75.0,59333.33,3
lateral,otro,5.0,0.0,3.0,0.0,normal,93.0,73903.23,3
lateral,otro,4.0,0.0,2.0,0.0,normal,140.0,55714.29,3
lateral,otro,0.0,0.0,2.0,0.0,normal,98.0,69897.96,3
lateral,otro,4.0,0.0,2.0,0.0,normal,95.0,55789.47,3
lateral,otro,4.0,0.0,2.0,0.0,normal,72.0,54861.11,3
lateral,otro,5.0,0.0,3.0,0.0,normal,93.0,73903.23,3
lateral,otro,5.0,0.0,2.0,0.0,normal,185.0,77548.65,3
lateral,otro,0.0,0.0,2.0,0.0,normal,133.0,51127.82,3
lateral,otro,4.0,0.0,2.0,0.0,normal,58.0,66126.29,3
Frente,Sur,0.0,0.0,2.0,12.0,normal,104.0,61788.46,3
lateral,otro,6.0,0.0,3.0,0.0,normal,169.0,57324.85,3
lateral,otro,4.0,0.0,2.0,0.0,normal,84.0,59606.57,3
lateral,otro,4.0,0.0,2.0,0.0,normal,127.0,55354.33,3
lateral,otro,0.0,0.0,2.0,0.0,normal,176.0,53977.27,3
lateral,otro,4.0,0.0,2.0,0.0,normal,135.0,52569.47,3
lateral,otro,5.0,0.0,2.0,0.0,normal,137.0,72301.09,3
lateral,otro,5.0,0.0,3.0,0.0,normal,112.0,50000.0,3
lateral,otro,6.0,0.0,2.0,0.0,normal,107.0,84923.18,3
lateral,otro,6.0,0.0,3.0,0.0,normal,145.0,58620.69,3
lateral,otro,5.0,0.0,2.0,0.0,normal,172.0,52126.74,3
lateral,otro,4.0,0.0,2.0,0.0,normal,85.0,74117.65,3
lateral,otro,0.0,0.0,2.0,0.0,normal,78.0,64052.56,3
lateral,otro,0.0,0.0,2.0,0.0,normal,129.0,63565.89,3
lateral,otro,4.0,0.0,2.0,0.0,normal,57.0,71052.63,3
lateral,otro,2.0,0.0,1.0,0.0,normal,60.0,75000.0,3
lateral,otro,0.0,0.0,2.0,0.0,normal,80.0,52500.0,3
lateral,otro,5.0,0.0,3.0,0.0,normal,112.0,49211.51,3
lateral,otro,5.0,0.0,2.0,0.0,normal,106.0,67232.9,3
lateral,otro,0.0,0.0,3.0,0.0,normal,111.0,61891.89,3
lateral,otro,0.0,0.0,3.0,0.0,normal,180.0,61388.89,3
lateral,otro,0.0,0.0,3.0,0.0,normal,108.0,71074.44,3
lateral,otro,4.0,0.0,2.0,0.0,normal,82.0,50000.0,3
lateral,otro,0.0,0.0,2.0,0.0,normal,77.0,61038.96,3
lateral,otro,0.0,1.0,2.0,1.0,normal,85.0,54058.82,3
lateral,otro,0.0,0.0,2.0,0.0,normal,93.0,67812.37,3
lateral,otro,0.0,0.0,3.0,0.0,normal,112.0,60625.0,3
lateral,otro,0.0,0.0,2.0,0.0,normal,134.0,57089.55,3
lateral,otro,0.0,1.0,2.0,6.0,normal,83.17,64488.22,3
lateral,otro,0.0,0.0,2.0,0.0,normal,103.0,75533.98,3
lateral,otro,0.0,0.0,3.0,0.0,normal,163.0,62576.69,3
lateral,otro,4.0,0.0,2.0,0.0,normal,93.0,49408.6,3
lateral,otro,3.0,0.0,2.0,0.0,normal,84.0,65476.19,3
lateral,otro,5.0,0.0,3.0,0.0,normal,86.0,52267.44,3
lateral,otro,0.0,0.0,3.0,0.0,normal,112.0,61339.29,3
lateral,otro,0.0,0.0,2.0,0.0,normal,137.0,72301.09,3
lateral,otro,0.0,0.0,2.0,0.0,normal,90.0,71688.23,3
lateral,otro,0.0,0.0,2.0,0.0,normal,86.0,69762.33,3
lateral,otro,0.0,0.0,2.0,0.0,normal,95.0,71526.41,3
lateral,otro,0.0,0.0,2.0,0.0,normal,117.0,61965.81,3
lateral,otro,0.0,0.0,2.0,0.0,normal,148.0,76959.46,3
lateral,otro,4.0,0.0,2.0,0.0,normal,117.0,79914.53,3
lateral,otro,5.0,0.0,2.0,0.0,normal,150.0,61271.47,3
lateral,otro,0.0,0.0,2.0,0.0,normal,137.0,72301.09,3
lateral,otro,0.0,0.0,3.0,0.0,normal,149.0,64899.33,3
lateral,otro,0.0,0.0,3.0,0.0,normal,117.0,75677.4,3
lateral,otro,0.0,0.0,3.0,0.0,normal,111.0,63153.15,3
lateral,otro,0.0,1.0,3.0,7.0,normal,111.0,61171.17,3
lateral,otro,0.0,0.0,2.0,0.0,normal,111.0,50000.0,3
lateral,otro,7.0,0.0,3.0,0.0,normal,187.0,58021.39,3
lateral,otro,0.0,0.0,2.0,0.0,normal,78.0,60392.31,3
lateral,otro,0.0,0.0,2.0,0.0,normal,76.0,87654.61,3
lateral,otro,4.0,0.0,2.0,0.0,normal,74.0,59040.54,3
lateral,otro,6.0,0.0,3.0,0.0,normal,140.0,62189.74,3
lateral,otro,0.0,0.0,2.0,0.0,normal,125.0,58800.0,3
lateral,otro,0.0,0.0,3.0,0.0,normal,112.0,60625.0,3
lateral,otro,0.0,0.0,2.0,0.0,normal,141.0,53546.1,3
lateral,otro,1.0,0.0,1.0,0.0,Loft,52.0,67307.69,3
lateral,otro,0.0,0.0,1.0,0.0,normal,70.0,61714.29,3
lateral,otro,5.0,0.0,2.0,0.0,normal,129.0,63565.89,3
lateral,otro,2.0,0.0,1.0,0.0,normal,51.0,64081.12,3
lateral,otro,4.0,0.0,2.0,0.0,normal,127.0,62992.13,3
Frente,otro,2.0,0.0,2.0,1.0,normal,71.0,78591.55,3
lateral,otro,4.0,0.0,2.0,0.0,normal,74.0,59040.54,3
lateral,otro,4.0,0.0,2.0,0.0,normal,81.0,58679.01,3
lateral,otro,4.0,0.0,2.0,0.0,normal,97.0,59298.97,3
lateral,otro,0.0,0.0,3.0,0.0,normal,186.0,59139.78,3
lateral,otro,7.0,0.0,3.0,0.0,normal,220.0,61363.64,3
lateral,otro,5.0,0.0,3.0,0.0,normal,99.0,51919.19,3
lateral,otro,4.0,0.0,2.0,0.0,normal,161.0,52161.49,3
lateral,otro,7.0,0.0,3.0,1.0,normal,82.0,51829.27,3
lateral,otro,0.0,0.0,1.0,0.0,normal,56.0,80285.71,3
Frente,otro,2.0,0.0,2.0,1.0,normal,71.0,79225.35,3
Frente,otro,2.0,0.0,2.0,1.0,normal,104.0,71057.69,3
lateral,otro,0.0,0.0,2.0,4.0,normal,66.0,65761.21,3
lateral,otro,3.0,0.0,2.0,0.0,normal,53.0,67735.85,3
lateral,otro,0.0,1.0,3.0,1.0,normal,140.0,62189.74,3
lateral,otro,3.0,0.0,2.0,0.0,normal,66.0,65761.21,3
lateral,otro,0.0,0.0,2.0,0.0,normal,99.0,66468.82,3
lateral,otro,0.0,0.0,1.0,0.0,normal,60.0,71611.13,3
lateral,otro,2.0,0.0,1.0,0.0,normal,51.0,64117.65,3
lateral,otro,2.0,0.0,1.0,0.0,normal,51.0,64117.65,3
lateral,otro,0.0,0.0,2.0,0.0,normal,91.0,75494.51,3
lateral,otro,0.0,0.0,1.0,0.0,normal,54.0,80034.39,3
lateral,otro,5.0,0.0,3.0,0.0,normal,120.0,72500.0,3
lateral,otro,4.0,0.0,2.0,0.0,normal,103.0,63106.8,3
lateral,otro,0.0,0.0,2.0,0.0,normal,107.0,65794.39,3
lateral,otro,5.0,0.0,3.0,0.0,normal,202.0,52048.91,3
Frente,Poniente,0.0,0.0,1.0,6.0,normal,112.0,60267.86,3
lateral,otro,4.0,0.0,2.0,0.0,normal,75.0,58253.33,3
lateral,otro,6.0,0.0,3.0,0.0,normal,132.0,51515.15,3
lateral,otro,4.0,0.0,2.0,0.0,normal,128.0,74070.31,3
lateral,otro,0.0,1.0,2.0,7.0,normal,70.0,73357.14,3
lateral,otro,0.0,0.0,2.0,0.0,normal,151.0,61882.78,3
lateral,otro,5.0,0.0,2.0,0.0,normal,215.0,60000.0,3
lateral,otro,4.0,0.0,2.0,0.0,normal,194.0,51804.12,3
Frente,Poniente,0.0,1.0,2.0,3.0,normal,143.0,83916.08,3
lateral,otro,4.0,0.0,2.0,0.0,normal,110.0,52727.27,3
lateral,otro,4.0,0.0,2.0,0.0,normal,93.0,71433.19,3
lateral,otro,4.0,0.0,2.0,0.0,normal,78.0,59535.9,3
lateral,otro,4.0,0.0,2.0,0.0,normal,146.0,57534.25,3
lateral,otro,0.0,0.0,2.0,0.0,normal,80.0,80625.0,3
lateral,otro,4.0,0.0,2.0,0.0,normal,70.0,66509.19,3
lateral,otro,0.0,1.0,2.0,1.0,normal,85.0,52294.12,3
lateral,otro,4.0,0.0,2.0,0.0,normal,123.0,56504.07,3
lateral,otro,0.0,0.0,2.0,0.0,normal,75.0,60491.47,3
lateral,otro,4.0,0.0,2.0,0.0,normal,75.0,58253.33,3
lateral,otro,4.0,0.0,2.0,0.0,normal,93.0,60788.05,3
lateral,otro,0.0,0.0,2.0,0.0,normal,78.0,60444.87,3
lateral,otro,4.0,0.0,2.0,0.0,normal,86.0,50802.33,3
lateral,otro,0.0,0.0,2.0,0.0,normal,107.0,65794.39,3
lateral,otro,0.0,0.0,2.0,0.0,normal,76.0,60238.95,3
lateral,otro,0.0,0.0,2.0,0.0,normal,75.0,60522.93,3
lateral,otro,4.0,0.0,2.0,0.0,normal,86.0,50802.33,3
lateral,otro,0.0,0.0,2.0,0.0,normal,64.0,65416.66,3
lateral,otro,2.0,0.0,1.0,0.0,normal,90.0,61111.11,3
lateral,otro,2.0,0.0,1.0,0.0,normal,80.0,68750.0,3
lateral,otro,6.0,0.0,3.0,0.0,normal,108.0,71435.19,3
lateral,otro,5.0,0.0,3.0,0.0,normal,90.0,49944.44,3
lateral,otro,3.0,0.0,2.0,0.0,normal,53.0,67705.85,3
lateral,otro,2.0,1.0,2.0,0.0,Loft,79.0,77289.77,3
Frente,Poniente,0.0,1.0,2.0,4.0,normal,143.0,89510.49,3
lateral,otro,0.0,1.0,2.0,6.0,normal,63.0,75777.78,3
lateral,otro,0.0,0.0,2.0,0.0,normal,165.0,49696.97,3
lateral,otro,2.0,0.0,2.0,0.0,Loft,89.0,71466.4,3
lateral,otro,5.0,0.0,2.0,0.0,normal,108.0,70990.74,3
lateral,otro,4.0,0.0,2.0,0.0,normal,64.0,68265.62,3
lateral,otro,0.0,0.0,3.0,0.0,normal,200.0,64500.0,3
lateral,otro,2.0,0.0,2.0,0.0,Loft,81.0,75115.95,3
lateral,otro,0.0,0.0,2.0,0.0,normal,117.0,61965.81,3
lateral,otro,2.0,0.0,2.0,0.0,Loft,66.0,60604.55,3
lateral,otro,2.0,1.0,2.0,0.0,Loft,88.0,60226.14,3
lateral,otro,0.0,0.0,2.0,0.0,normal,100.0,55190.0,3
lateral,otro,4.0,0.0,2.0,0.0,normal,101.0,71854.95,3
lateral,otro,2.0,0.0,2.0,0.0,Loft,78.0,60392.31,3
lateral,otro,2.0,0.0,2.0,0.0,Loft,75.0,62862.67,3
lateral,otro,4.0,0.0,2.0,0.0,normal,86.0,62093.02,3
lateral,otro,2.0,0.0,2.0,0.0,Loft,67.0,60446.27,3
lateral,otro,2.0,0.0,2.0,0.0,Loft,68.0,61027.94,3
lateral,otro,0.0,0.0,2.0,0.0,normal,122.0,68852.46,3
lateral,otro,2.0,0.0,2.0,0.0,Loft,88.0,72505.91,3
lateral,otro,2.0,0.0,2.0,0.0,Loft,100.0,80263.6,3
lateral,otro,2.0,0.0,2.0,0.0,Loft,76.0,87654.61,3
lateral,otro,2.0,0.0,2.0,0.0,Loft,67.0,71718.54,3
lateral,otro,4.0,0.0,2.0,0.0,normal,64.0,68265.62,3
lateral,otro,3.0,0.0,3.0,0.0,Loft,111.0,89009.01,3
lateral,otro,3.0,0.0,3.0,0.0,Loft,111.0,87117.12,3
lateral,otro,0.0,0.0,1.0,0.0,normal,66.0,57140.58,3
lateral,otro,2.0,0.0,2.0,0.0,Loft,93.0,67812.37,3
lateral,otro,2.0,0.0,2.0,0.0,Loft,86.0,67976.51,3
lateral,otro,5.0,0.0,2.0,0.0,normal,204.0,84950.98,3
lateral,otro,3.0,0.0,1.0,0.0,normal,69.0,72463.77,3
lateral,otro,5.0,0.0,2.0,0.0,normal,187.0,64171.12,3
lateral,otro,5.0,0.0,2.0,0.0,normal,134.0,57089.55,3
lateral,otro,0.0,0.0,2.0,0.0,normal,100.0,49300.0,3
lateral,otro,5.0,0.0,2.0,0.0,normal,134.0,57089.55,3
lateral,otro,4.0,0.0,2.0,0.0,normal,93.0,60788.03,3
lateral,otro,5.0,0.0,2.0,0.0,normal,149.0,84966.44,3
lateral,otro,5.0,0.0,2.0,0.0,normal,185.0,77540.54,3
lateral,otro,4.0,0.0,2.0,0.0,normal,111.0,59337.05,3
lateral,otro,6.0,0.0,3.0,0.0,normal,140.0,62189.74,3
lateral,otro,4.0,0.0,2.0,0.0,normal,103.0,61126.21,3
lateral,otro,0.0,0.0,2.0,0.0,normal,70.0,64039.71,3
lateral,otro,0.0,0.0,3.0,0.0,normal,86.0,57489.0,3
lateral,otro,3.0,1.0,3.0,0.0,Loft,115.0,71563.22,3
lateral,otro,5.0,0.0,2.0,0.0,normal,106.0,66415.09,3
lateral,otro,3.0,1.0,3.0,0.0,Loft,134.0,69600.84,3
lateral,otro,0.0,0.0,2.0,0.0,normal,99.0,63595.96,3
lateral,otro,0.0,0.0,2.0,0.0,normal,83.0,64620.3,3
lateral,otro,0.0,0.0,2.0,0.0,normal,91.0,86527.47,3
lateral,otro,0.0,0.0,3.0,0.0,normal,121.0,72114.05,3
lateral,otro,0.0,0.0,3.0,0.0,normal,163.0,53527.61,3
lateral,otro,0.0,0.0,2.0,0.0,normal,140.0,55657.14,3
lateral,otro,0.0,0.0,2.0,0.0,normal,142.0,54056.34,3
lateral,otro,6.0,0.0,3.0,0.0,normal,140.0,62189.74,3
lateral,otro,7.0,0.0,3.0,0.0,normal,157.0,64331.21,3
lateral,otro,0.0,1.0,2.0,10.0,normal,85.0,55235.29,3
lateral,otro,0.0,0.0,3.0,0.0,normal,135.0,62480.0,3
lateral,otro,0.0,0.0,2.0,0.0,normal,109.0,73220.18,3
lateral,otro,4.0,0.0,2.0,0.0,normal,104.0,51442.31,3
lateral,otro,4.0,0.0,2.0,0.0,normal,90.0,53888.89,3
lateral,otro,4.0,0.0,2.0,0.0,normal,104.0,89903.85,3
lateral,otro,3.0,0.0,1.0,0.0,normal,57.0,61403.51,3
lateral,otro,0.0,0.0,2.0,0.0,normal,193.0,74518.13,3
lateral,otro,7.0,0.0,3.0,0.0,normal,195.0,55128.21,3
lateral,otro,0.0,0.0,2.0,0.0,normal,93.0,60787.71,3
lateral,otro,4.0,0.0,2.0,0.0,normal,92.0,65197.12,3
lateral,otro,0.0,1.0,3.0,5.0,normal,195.0,50461.54,3
lateral,otro,4.0,0.0,2.0,0.0,normal,176.0,56534.09,3
lateral,otro,0.0,0.0,2.0,5.0,normal,64.0,63593.75,3
lateral,otro,4.0,0.0,2.0,0.0,normal,76.0,55394.74,3
lateral,otro,0.0,0.0,2.0,0.0,normal,126.0,55523.95,3
lateral,otro,3.0,0.0,1.0,0.0,normal,64.0,64062.5,3
lateral,otro,0.0,0.0,2.0,0.0,normal,130.0,71792.31,3
lateral,otro,5.0,0.0,3.0,0.0,normal,113.0,79646.02,3
lateral,otro,0.0,0.0,2.0,0.0,normal,92.0,59270.11,3
lateral,otro,3.0,0.0,2.0,0.0,normal,78.0,59371.79,3
lateral,otro,2.0,0.0,2.0,0.0,Loft,76.0,66578.95,3
lateral,otro,6.0,0.0,3.0,0.0,normal,162.0,61419.75,3
lateral,otro,2.0,0.0,2.0,0.0,Loft,89.0,71124.94,3
lateral,otro,2.0,0.0,2.0,0.0,Loft,83.0,64620.3,3
lateral,otro,0.0,0.0,3.0,0.0,normal,140.0,83396.62,3
lateral,otro,0.0,0.0,3.0,0.0,normal,150.0,71666.67,3
lateral,otro,0.0,0.0,2.0,0.0,normal,92.0,63543.26,3
lateral,otro,0.0,0.0,2.0,5.0,normal,76.0,65526.32,3
lateral,otro,2.0,0.0,2.0,0.0,Loft,65.0,67353.85,3
lateral,otro,2.0,0.0,2.0,0.0,Loft,59.0,74389.83,3
lateral,otro,4.0,0.0,2.0,0.0,normal,98.0,62035.71,3
lateral,otro,4.0,0.0,2.0,0.0,normal,97.0,65814.43,3
lateral,otro,2.0,0.0,2.0,0.0,Loft,89.0,76318.99,3
lateral,otro,2.0,0.0,2.0,0.0,Loft,84.0,74034.46,3
lateral,otro,2.0,0.0,2.0,0.0,Loft,96.0,79083.12,3
lateral,otro,2.0,0.0,2.0,0.0,Loft,71.0,60143.66,3
lateral,otro,2.0,0.0,2.0,0.0,Loft,71.0,60607.54,3
lateral,otro,0.0,0.0,2.0,0.0,normal,139.0,82748.64,3
lateral,otro,0.0,0.0,3.0,0.0,normal,87.0,54983.72,3
lateral,otro,0.0,0.0,2.0,0.0,normal,122.0,62619.55,3
lateral,otro,0.0,0.0,2.0,5.0,normal,158.56,73046.17,3
lateral,otro,0.0,0.0,2.0,0.0,normal,117.0,67144.96,3
Interno,otro,0.0,0.0,2.0,6.0,normal,100.0,68793.0,3
Interno,otro,0.0,1.0,2.0,5.0,normal,152.39,66765.96,3
Interno,otro,0.0,0.0,2.0,2.0,normal,78.0,60256.41,3
lateral,otro,0.0,1.0,2.0,6.0,normal,76.42,62470.56,3
lateral,otro,8.0,0.0,3.0,0.0,normal,193.0,74518.13,3
lateral,otro,2.0,0.0,1.0,0.0,normal,72.0,72222.22,3
lateral,otro,6.0,0.0,3.0,0.0,normal,122.0,57704.92,3
lateral,otro,0.0,0.0,2.0,0.0,normal,103.0,65366.02,3
lateral,otro,0.0,0.0,2.0,2.0,normal,145.0,59020.91,3
lateral,otro,5.0,0.0,2.0,0.0,normal,143.0,79141.26,3
lateral,otro,5.0,0.0,3.0,0.0,normal,111.0,60765.07,3
lateral,otro,0.0,0.0,2.0,0.0,normal,153.0,82745.1,3
lateral,otro,0.0,0.0,3.0,0.0,normal,150.0,74666.67,3
lateral,otro,4.0,0.0,2.0,0.0,normal,63.0,60634.92,3
lateral,otro,6.0,0.0,2.0,0.0,normal,108.0,83434.12,3
lateral,otro,5.0,0.0,3.0,0.0,normal,109.0,72777.34,3
lateral,otro,1.0,0.0,1.0,0.0,normal,57.0,61403.51,3
lateral,otro,0.0,0.0,3.0,0.0,normal,117.0,54600.31,3
lateral,otro,0.0,0.0,3.0,0.0,normal,140.0,75000.0,3
lateral,otro,5.0,0.0,3.0,0.0,normal,114.0,71625.44,3
lateral,otro,5.0,0.0,3.0,0.0,normal,191.0,70529.53,3
lateral,otro,0.0,1.0,3.0,3.0,normal,127.0,54787.4,3
lateral,otro,0.0,0.0,3.0,0.0,normal,195.0,69230.77,3
lateral,otro,4.0,0.0,2.0,0.0,normal,132.0,51916.67,3
lateral,otro,0.0,0.0,2.0,0.0,normal,95.0,55789.47,3
lateral,otro,0.0,0.0,1.0,0.0,normal,57.0,61403.51,3
lateral,otro,4.0,0.0,2.0,0.0,normal,65.0,60615.38,3
lateral,otro,4.0,0.0,2.0,0.0,normal,76.0,60526.32,3
lateral,otro,0.0,0.0,2.0,0.0,normal,96.0,49166.67,3
lateral,otro,5.0,0.0,2.0,0.0,normal,193.0,73308.41,3
lateral,otro,4.0,0.0,2.0,0.0,normal,111.0,65315.32,3
lateral,otro,0.0,0.0,1.0,0.0,normal,54.0,83981.48,3
lateral,otro,7.0,0.0,3.0,0.0,normal,184.0,60869.57,3
lateral,otro,0.0,0.0,3.0,0.0,normal,118.0,56283.74,3
lateral,otro,0.0,0.0,1.0,0.0,normal,69.0,82500.0,3
lateral,otro,0.0,0.0,2.0,0.0,normal,62.0,69016.13,3
lateral,otro,0.0,0.0,2.0,0.0,normal,76.0,66578.95,3
lateral,otro,0.0,0.0,2.0,0.0,normal,63.0,66698.41,3
lateral,otro,0.0,0.0,3.0,0.0,normal,153.0,66013.07,3
lateral,otro,0.0,0.0,3.0,0.0,normal,157.0,62929.94,3
lateral,otro,0.0,0.0,3.0,0.0,normal,111.0,57891.89,3
lateral,otro,0.0,0.0,2.0,0.0,normal,63.0,67396.83,3
lateral,otro,0.0,0.0,3.0,0.0,normal,117.0,56359.79,3
lateral,otro,0.0,0.0,3.0,0.0,normal,117.0,75694.5,3
lateral,otro,0.0,0.0,2.0,0.0,normal,59.0,72711.86,3
lateral,otro,6.0,0.0,3.0,0.0,normal,135.0,72222.22,3
lateral,otro,0.0,1.0,2.0,1.0,normal,85.0,49411.76,3
lateral,otro,7.0,0.0,3.0,0.0,normal,170.0,78556.18,3
lateral,otro,0.0,0.0,1.0,0.0,normal,56.0,68571.43,3
lateral,otro,0.0,0.0,3.0,0.0,normal,99.0,52525.25,3
lateral,otro,0.0,1.0,2.0,1.0,normal,70.29,68356.3,3
Frente,Oriente,0.0,0.0,2.0,2.0,normal,120.0,68475.0,3
lateral,otro,0.0,0.0,2.0,0.0,normal,74.0,65033.78,3
lateral,otro,0.0,0.0,1.0,0.0,normal,64.0,66406.25,3
lateral,otro,0.0,0.0,3.0,0.0,normal,158.0,84317.75,3
lateral,otro,0.0,0.0,3.0,0.0,normal,168.0,63049.77,3
lateral,otro,0.0,0.0,3.0,0.0,normal,161.0,62413.04,3
lateral,otro,1.0,0.0,1.0,0.0,Loft,63.0,82500.0,3
lateral,otro,1.0,0.0,1.0,0.0,Loft,56.0,80285.71,3
lateral,otro,0.0,0.0,3.0,0.0,normal,130.0,71581.06,3
lateral,otro,0.0,0.0,3.0,0.0,normal,153.0,66990.0,3
lateral,otro,4.0,0.0,2.0,0.0,normal,93.0,60788.03,3
lateral,otro,0.0,0.0,2.0,0.0,normal,95.0,58736.84,3
lateral,otro,4.0,0.0,2.0,0.0,normal,91.0,53846.15,3
lateral,otro,0.0,1.0,1.0,3.0,normal,65.0,63088.46,3
lateral,otro,4.0,0.0,2.0,0.0,normal,150.0,69333.33,3
lateral,otro,6.0,0.0,3.0,0.0,normal,160.0,54881.25,3
lateral,otro,5.0,0.0,3.0,0.0,normal,111.0,61891.89,3
lateral,otro,5.0,0.0,3.0,0.0,normal,222.0,52027.03,3
lateral,otro,0.0,0.0,2.0,0.0,normal,167.0,49401.22,3
lateral,otro,0.0,0.0,2.0,0.0,normal,90.0,66111.16,3
lateral,otro,0.0,0.0,2.0,0.0,normal,89.0,64887.64,3
Interno,otro,0.0,0.0,4.0,10.0,normal,95.0,54040.0,3
lateral,otro,6.0,0.0,3.0,0.0,normal,140.0,72181.79,3
lateral,otro,5.0,0.0,3.0,0.0,normal,112.0,62500.0,3
lateral,otro,4.0,0.0,2.0,0.0,normal,77.0,61038.96,3
lateral,otro,0.0,0.0,3.0,0.0,normal,162.0,63268.36,3
lateral,otro,0.0,1.0,2.0,3.0,normal,143.0,68944.86,3
lateral,otro,0.0,0.0,3.0,0.0,normal,128.0,54609.38,3
lateral,otro,5.0,0.0,3.0,0.0,normal,163.0,62576.69,3
lateral,otro,0.0,0.0,2.0,0.0,normal,63.0,70486.22,3
lateral,otro,0.0,0.0,2.0,0.0,normal,81.0,61808.32,3
lateral,otro,0.0,0.0,2.0,0.0,normal,73.0,60830.58,3
lateral,otro,0.0,0.0,2.0,0.0,normal,71.0,60161.61,3
lateral,otro,0.0,0.0,2.0,0.0,normal,71.0,70513.72,3
lateral,otro,0.0,0.0,2.0,0.0,normal,71.0,59139.08,3
lateral,otro,0.0,0.0,2.0,0.0,normal,71.0,59139.08,3
lateral,otro,5.0,0.0,2.0,0.0,normal,93.0,88086.02,3
lateral,otro,5.0,0.0,2.0,0.0,normal,93.0,61000.0,3
lateral,otro,4.0,0.0,2.0,0.0,normal,72.0,61675.44,3
lateral,otro,6.0,0.0,3.0,0.0,normal,140.0,62189.74,3
lateral,otro,4.0,0.0,2.0,0.0,normal,70.0,67632.86,3
lateral,otro,0.0,0.0,2.0,0.0,normal,78.0,76282.05,3
lateral,otro,0.0,0.0,2.0,4.0,normal,70.0,71372.86,3
lateral,otro,4.0,0.0,2.0,0.0,normal,65.0,65097.49,3
lateral,otro,0.0,1.0,3.0,1.0,normal,115.0,69815.65,3
lateral,otro,5.0,0.0,2.0,0.0,normal,129.0,56201.55,3
lateral,otro,4.0,0.0,2.0,0.0,normal,114.0,69298.25,3
lateral,otro,4.0,0.0,2.0,0.0,normal,130.0,65384.62,3
lateral,otro,5.0,0.0,2.0,0.0,normal,141.0,53191.49,3
lateral,otro,2.0,0.0,1.0,0.0,normal,75.0,86666.67,3
lateral,otro,5.0,0.0,2.0,0.0,normal,141.0,53191.49,3
lateral,otro,5.0,0.0,2.0,0.0,normal,129.0,56201.55,3
lateral,otro,0.0,0.0,2.0,0.0,normal,114.0,58071.23,3
Interno,otro,0.0,0.0,3.0,1.0,normal,114.0,55000.0,3
lateral,otro,0.0,0.0,2.0,0.0,normal,91.0,146524.37,4
lateral,otro,5.0,0.0,2.0,0.0,normal,112.0,117593.75,4
lateral,otro,0.0,0.0,2.0,0.0,normal,99.0,92115.15,4
lateral,otro,0.0,0.0,2.0,0.0,normal,100.0,117207.68,4
lateral,otro,3.0,0.0,1.0,0.0,normal,58.0,93449.6,4
lateral,otro,2.0,0.0,1.0,0.0,normal,58.0,94827.59,4
lateral,otro,0.0,0.0,2.0,0.0,normal,108.0,121949.07,4
lateral,otro,0.0,0.0,2.0,0.0,normal,89.0,96449.44,4
lateral,otro,0.0,0.0,2.0,0.0,normal,99.0,97919.19,4
Frente,otro,3.0,0.0,3.0,2.0,normal,123.0,112195.12,4
Frente,otro,3.0,0.0,3.0,2.0,normal,108.0,114814.81,4
lateral,otro,0.0,1.0,2.0,7.0,normal,107.0,90990.65,4
lateral,otro,5.0,0.0,2.0,0.0,normal,98.0,123939.49,4
lateral,otro,0.0,0.0,1.0,0.0,normal,51.0,97568.63,4
lateral,otro,3.0,0.0,3.0,0.0,Loft,99.0,103030.3,4
lateral,otro,3.0,0.0,3.0,0.0,Loft,113.0,97787.61,4
lateral,otro,0.0,0.0,2.0,0.0,normal,91.0,106472.53,4
lateral,otro,0.0,0.0,1.0,0.0,normal,51.0,98843.14,4
lateral,otro,0.0,0.0,3.0,0.0,normal,62.0,107903.23,4
lateral,otro,2.0,0.0,2.0,0.0,Loft,66.0,103833.33,4
lateral,otro,0.0,0.0,3.0,0.0,normal,136.0,94863.66,4
lateral,otro,2.0,0.0,2.0,0.0,Loft,63.0,104761.9,4
lateral,otro,0.0,0.0,1.0,6.0,normal,57.0,101754.39,4
lateral,otro,0.0,0.0,2.0,3.0,normal,100.0,117200.0,4
lateral,otro,0.0,0.0,3.0,3.0,normal,92.0,121173.91,4
lateral,otro,5.0,0.0,2.0,0.0,normal,100.0,117207.67,4
lateral,otro,5.0,0.0,2.0,0.0,normal,112.0,119051.04,4
lateral,otro,0.0,0.0,2.0,0.0,normal,66.0,103833.33,4
lateral,otro,0.0,0.0,2.0,0.0,normal,141.0,91059.89,4
lateral,otro,0.0,0.0,2.0,0.0,normal,134.0,91068.19,4
lateral,otro,0.0,0.0,2.0,0.0,normal,91.0,90659.34,4
